"qseqid","genus"
"s12-0196","Brevundimonas"
"s12-0197","Pseudomonas"
"s12-0199","Curtobacterium"
"s12-0200","Achromobacter"
"s12-0201","Achromobacter"
"s12-0202","Pseudomonas"
"s12-0203","Pseudomonas"
"s12-0204","Erwinia"
"s12-0205","Brevundimonas"
"s12-0206","Stenotrophomonas"
"s12-0207","Pantoea"
"s12-0209","Pseudomonas"
"s12-0210","Brevundimonas"
"s12-0211","Pseudomonas"
"s12-0212","Pseudomonas"
"s12-0213","Pseudomonas"
"s12-0214","Pantoea"
"s12-0215","Brevundimonas"
"s12-0216","Pseudomonas"
"s12-0217","Brevundimonas"
"s12-0218","Pseudomonas"
"s12-0219","Erwinia"
"s12-0220","Erwinia"
"s12-0221","Erwinia"
"s12-0222","Stenotrophomonas"
"s12-0223","Pseudomonas"
"s12-0224","Pseudomonas"
"s12-0225","Pantoea"
"s12-0226","Pseudomonas"
"s12-0227","Pseudomonas"
"s12-0228","Pantoea"
"s12-0229","Pantoea"
"s12-0230","Erwinia"
"s12-0231","Pantoea"
"s12-0232","Pseudomonas"
"s12-0233","Pseudomonas"
"s12-0234","Pseudomonas"
"s12-0235","Pseudomonas"
"s12-0236","Pseudomonas"
"s12-0237","Pseudomonas"
"s12-0238","Erwinia"
"s12-0239","Erwinia"
"s12-0240","Pseudomonas"
"s12-0241","Erwinia"
"s12-0242","Erwinia"
"s12-0243","Pantoea"
"s12-0244","Erwinia"
"s12-0245","Pseudomonas"
"s12-0246","Pseudomonas"
"s12-0247","Pseudomonas"
"s12-0248","Pseudomonas"
"s12-0249","Pseudomonas"
"s12-0250","Pseudomonas"
"s12-0251","Pantoea"
"s12-0252","Pseudomonas"
"s12-0253","Pseudomonas"
"s12-0254","Pseudomonas"
"s12-0255","Erwinia"
"s12-0256","Pseudomonas"
"s12-0257","Pseudomonas"
"s12-0258","Sphingobacterium"
"s12-0259","Pseudomonas"
"s12-0260","Erwinia"
"s12-0261","Pseudomonas"
"s12-0262","Pseudomonas"
"s12-0263","Sanguibacter"
"s12-0264","Sphingobacterium"
"s12-0265","Stenotrophomonas"
"s12-0266","Pseudomonas"
"s12-0267","Pantoea"
"s12-0268","Pseudomonas"
"s12-0269","Pseudomonas"
"s12-0270","Pseudomonas"
"s12-0271","Pseudomonas"
"s12-0272","Pseudomonas"
"s12-0273","Pseudomonas"
"s12-0274","Sphingobacterium"
"s12-0275","Pseudomonas"
"s12-0276","Pseudomonas"
"s12-0277","Erwinia"
"s12-0278","Pseudomonas"
"s12-0279","Erwinia"
"s12-0280","Erwinia"
"s12-0281","Erwinia"
"s12-0283","Stenotrophomonas"
"s12-0285","Shewanella"
"s12-0286","Erwinia"
"s12-0287","Pseudomonas"
"s12-0288","Pantoea"
"s12-0289","Erwinia"
"s12-0290","Pseudomonas"
"s12-0291","Erwinia"
"s12-0292","Pseudomonas"
"s12-0293","Erwinia"
"s12-0295","Pseudomonas"
"s12-0297","Pseudomonas"
"s12-0298","Erwinia"
"s12-0299","Pseudomonas"
"s12-0300","Pseudomonas"
"s12-0301","Pseudomonas"
"s12-0302","Pseudomonas"
"s12-0303","Pseudomonas"
"s12-0304","Pseudomonas"
"s12-0305","Pseudomonas"
"s12-0306","Pseudomonas"
"s12-0307","Pseudomonas"
"s12-0308","Pseudomonas"
"s12-0309","Pseudomonas"
"s12-0311","Erwinia"
"s12-0313","Erwinia"
"s12-0314","Erwinia"
"s12-0315","Pseudomonas"
"s12-0316","Pseudomonas"
"s12-0317","Pseudomonas"
"s12-0318","Pseudomonas"
"s12-0319","Pseudomonas"
"s12-0320","Erwinia"
"s12-0321","Pseudomonas"
"s12-0322","Pantoea"
"s12-0323","Pantoea"
"s12-0324","Pseudomonas"
"s12-0325","Erwinia"
"s12-0326","Pseudomonas"
"s12-0327","Pseudomonas"
"s12-0328","Pantoea"
"s12-0329","Erwinia"
"s12-0330","Pseudomonas"
"s12-0332","Pseudomonas"
"s12-0333","Pseudomonas"
"s12-0334","Pantoea"
"s12-0335","Erwinia"
"s12-0336","Pseudomonas"
"s12-0337","Pantoea"
"s12-0338","Pseudomonas"
"s12-0339","Enterobacterales"
"s12-0340","Pseudomonas"
"s12-0341","Pseudomonas"
"s12-0342","Pseudomonas"
"s12-0343","Pseudomonas"
"s12-0344","Pseudomonas"
"s12-0345","Pseudomonas"
"s12-0346","Stenotrophomonas"
"s12-0347","Erwinia"
"s12-0348","Erwinia"
"s12-0349","Pantoea"
"s12-0350","Pantoea"
"s12-0351","Pseudomonas"
"s12-0352","Pseudomonas"
"s12-0353","Pantoea"
"s12-0354","Pseudomonas"
"s12-0355","Pseudomonas"
"s12-0356","Sphingobacterium"
"s12-0357","Shewanella"
"s12-0358","Pseudomonas"
"s12-0359","Erwinia"
"s12-0360","Erwinia"
"s12-0361","Pantoea"
"s12-0362","Pseudomonas"
"s12-0363","Pseudomonas"
"s12-0364","Erwinia"
"s12-0365","Erwinia"
"s12-0366","Pseudomonas"
"s12-0367","Pseudomonas"
"s12-0368","Erwinia"
"s12-0369","Pseudomonas"
"s12-0370","Microbacterium"
"s12-0371","Microbacterium"
"s12-0372","Pseudomonas"
"s12-0373","Pseudomonas"
"s12-0374","Pseudomonas"
"s12-0375","Curtobacterium"
"s12-0376","Pseudomonas"
"s12-0377","Pseudomonas"
"s12-0378","Pseudomonas"
"s12-0379","Pseudomonas"
"s12-0380","Pseudomonas"
"s12-0381","Pantoea"
"s12-0382","Pseudomonas"
"s12-0383","Pseudomonas"
"s12-0384","Pseudomonas"
"s12-0385","Pseudomonas"
"s12-0386","Pseudomonas"
"s12-0387","Pseudomonas"
"s12-0388","Pseudomonas"
"s12-0389","Pseudomonas"
"s12-0390","Pseudomonas"
"s12-0391","Pseudomonas"
"s12-0392","Pseudomonas"
"s12-0393","Pseudomonas"
"s12-0394","Pseudomonas"
"s12-0395","Pseudomonas"
"s12-0396","Pantoea"
"s12-0397","Pantoea"
"s12-0398","Pseudomonas"
"s12-0399","Pseudomonas"
"s12-0401","Pseudomonas"
"s12-0402","Pseudomonas"
"s12-0403","Pseudomonas"
"s12-0404","Pseudomonas"
"s12-0405","Pseudomonas"
"s12-0406","Pseudomonas"
"s12-0407","Pseudomonas"
"s12-0408","Pseudomonas"
"s12-0409","Pseudomonas"
"s12-0410","Pseudomonas"
"s12-0411","Pseudomonas"
"s12-0412","Pseudomonas"
"s12-0413","Pseudomonas"
"s12-0414","Pseudomonas"
"s12-0415","Pantoea"
"s12-0416","Pantoea"
"s12-0417","Pseudomonas"
"s12-0418","Pseudomonas"
"s12-0419","Pantoea"
"s12-0420","Pseudomonas"
"s12-0421","Pantoea"
"s12-0422","Pseudomonas"
"s12-0423","Pseudomonas"
"s12-0426","Pseudomonas"
"s12-0427","Enterobacterales"
"s12-0428","Pantoea"
"s12-0429","Erwinia"
"s12-0430","Pseudomonas"
"s12-0431","Pseudomonas"
"s12-0432","Erwinia"
"s12-0433","Pantoea"
"s12-0434","Erwinia"
"s12-0435","Erwinia"
"s12-0436","Pseudomonas"
"s12-0437","Pseudomonas"
"s12-0438","Pseudomonas"
"s12-0440","Stenotrophomonas"
"s12-0441","Pseudomonas"
"s12-0442","Pantoea"
"s12-0443","Pseudomonas"
"s12-0444","Pantoea"
"s12-0445","Pseudomonas"
"s12-0446","Pantoea"
"s12-0447","Erwinia"
"s12-0448","Pseudomonas"
"s12-0449","Pantoea"
"s12-0450","Shewanella"
"s12-0451","Shewanella"
"s12-0452","Pseudomonas"
"s12-0453","Pseudomonas"
"s12-0454","Bacillus"
"s12-0456","Bacillus"
"s12-0457","Erwiniaceae"
"s12-0459","Erwiniaceae"
"s12-0460","Kushneria"
"s12-0463","Bacillus"
"s12-0465","Bacillus"
"s12-0466","Pantoea"
"s12-0467","Kushneria"
"s12-0468","Enterobacteriaceae"
"s12-0469","Erwiniaceae"
"s12-0470","Erwinia"
"s12-0473","Pseudomonas"
"s12-0475","Bacillus"
"s12-0476","Bacillus"
"s12-0477","Bacillus"
"s12-0478","Pseudomonas"
"s12-0479","Erwiniaceae"
"s12-0480","Pseudomonas"
"s12-0481","Erwiniaceae"
"s12-0482","Pseudomonas"
"s12-0483","Pseudomonas"
"s12-0484","Psychrobacter"
"s12-0485","Pseudomonas"
"s12-0489","Bacillus"
"s12-0491","Pantoea"
"s12-0492","Pantoea"
"s12-0493","Pantoea"
"s12-0494","Pseudomonas"
"s12-0495","Pantoea"
"s12-0496","Pantoea"
"s12-0497","Pantoea"
"s12-0498","Pseudomonas"
"s12-0499","Pseudomonas"
"s12-0500","Pseudomonas"
"s12-0501","Shewanella"
"s12-0503","Pseudomonas"
"s12-0504","Pseudomonas"
"s12-0505","Pseudomonas"
"s12-0506","Pseudomonas"
"s12-0507","Pseudomonas"
"s12-0508","Pseudomonas"
"s12-0509","Pseudomonas"
"s12-0510","Pseudomonas"
"s12-0511","Pseudomonas"
"s12-0512","Pseudomonas"
"s12-0513","Pseudomonas"
"s12-0514","Pseudomonas"
"s12-0515","Pseudomonas"
"s12-0516","Pseudomonas"
"s12-0517","Pseudomonas"
"s12-0518","Pseudomonas"
"s12-0519","Erwinia"
"s12-0520","Pseudomonas"
"s12-0521","Pseudomonas"
"s12-0522","Pantoea"
"s12-0523","Pseudomonas"
"s12-0524","Shewanella"
"s12-0525","Shewanella"
"s12-0526","Shewanella"
"s12-0527","Pantoea"
"s12-0528","Erwinia"
"s12-0529","Pantoea"
"s12-0530","Pantoea"
"s12-0531","Erwinia"
"s12-0532","Pantoea"
"s12-0533","Pantoea"
"s12-0534","Erwinia"
"s12-0535","Pseudomonas"
"s12-0537","Pseudomonas"
"s12-0538","Pseudomonas"
"s12-0541","Pantoea"
"s12-0542","Pantoea"
"s12-0543","Erwinia"
"s12-0544","Erwinia"
"s12-0545","Pantoea"
"s12-0546","Erwinia"
"s12-0548","Shewanella"
"s12-0550","Pseudomonas"
"s12-0551","Pantoea"
"s12-0552","Pantoea"
"s12-0553","Pantoea"
"s12-0554","Erwinia"
"s12-0555","Erwinia"
"s12-0556","Pantoea"
"s12-0557","Erwinia"
"s12-0558","Pantoea"
"s12-0561","Pseudomonas"
"s12-0562","Pseudomonas"
"s12-0563","Pseudomonas"
"s12-0564","Bacillus"
"s12-0567","Erwinia"
"s12-0568","Erwinia"
"s12-0569","Erwinia"
"s12-0570","Erwinia"
"s12-0571","Peribacillus"
"s12-0572","Pseudomonas"
"s12-0573","Pseudomonas"
"s12-0574","Pseudomonas"
"s12-0576","Bacillus"
"s12-0577","Bacillus"
"s12-0578","Pseudomonas"
"s12-0579","Erwinia"
"s12-0580","Pantoea"
"s12-0581","Pantoea"
"s12-0582","Pantoea"
"s12-0583","Pseudomonas"
"s12-0584","Pseudomonas"
"s12-0585","Pseudomonas"
"s12-0586","Pseudomonas"
"s12-0590","Bacillus"
"s12-0591","Pantoea"
"s12-0592","Pantoea"
"s12-0593","Pantoea"
"s12-0594","Pantoea"
"s12-0595","Pseudomonas"
"s12-0596","Pseudomonas"
"s12-0598","Pseudomonas"
"s12-0599","Pseudomonas"
"s12-0600","Pseudomonas"
"s12-0601","Pseudomonas"
"s12-0602","Pseudomonas"
"s12-0603","Pseudomonas"
"s12-0604","Pseudomonas"
"s12-0605","Erwinia"
"s12-0606","Pseudomonas"
"s12-0607","Pseudomonas"
"s12-0608","Pseudomonas"
"s12-0609","Pseudomonas"
"s12-0610","Pseudomonas"
"s12-0611","Pseudomonas"
"s12-0612","Pseudomonas"
"s12-0613","Pseudomonas"
"s12-0614","Pseudomonas"
"s12-0615","Pseudomonas"
"s12-0616","Pseudomonas"
"s12-0618","Pseudomonas"
"s12-0619","Pseudomonas"
"s12-0620","Pseudomonas"
"s12-0621","Pseudomonas"
"s12-0622","Pseudomonas"
"s12-0623","Pseudomonas"
"s12-0624","Pseudomonas"
"s12-0625","Erwinia"
"s12-0626","Pseudomonas"
"s12-0627","Pseudomonas"
"s12-0628","Pantoea"
"s12-0629","Pantoea"
"s12-0630","Erwinia"
"s12-0631","Pantoea"
"s12-0632","Pseudomonas"
"s12-0633","Pseudomonas"
"s12-0634","Pseudomonas"
"s12-0635","Pseudomonas"
"s12-0636","Pseudomonas"
"s12-0637","Pantoea"
"s12-0638","Pseudomonas"
"s12-0639","Erwinia"
"s12-0644","Pseudomonas"
"s12-0645","Pseudomonas"
"s12-0646","Shewanella"
"s12-0647","Pseudomonas"
"s12-0649","Erwinia"
"s12-0652","Pseudomonas"
"s12-0653","Pseudomonas"
"s12-0654","Erwinia"
"s12-0655","Pseudomonas"
"s12-0662","Erwinia"
"s12-0663","Erwinia"
"s12-0664","Pseudomonas"
"s12-0665","Pseudomonas"
"s12-0666","Pseudomonas"
"s12-0667","Pseudomonas"
"s12-0668","Pseudomonas"
"s12-0671","Pseudomonas"
"s12-0672","Pseudomonas"
"s12-0673","Erwiniaceae"
"s12-0674","Pseudomonas"
"s12-0675","Pantoea"
"s12-0676","Lysinibacillus"
"s12-0677","Pantoea"
"s12-0678","Pseudomonas"
"s12-0679","Enterobacteriaceae"
"s12-0680","Pantoea"
"s12-0681","Pantoea"
"s12-0683","Exiguobacterium"
"s12-0684","Peribacillus"
"s12-0685","Pseudarthrobacter"
"s12-0686","Pseudomonas"
"s12-0687","Exiguobacterium"
"s12-0689","Bacillus"
"s12-0690","Bacillus"
"s12-0691","Bacillus"
"s12-0692","Pantoea"
"s12-0694","Pantoea"
"s12-0695","Pseudomonas"
"s12-0696","Pseudomonas"
"s12-0697","Sanguibacter"
"s12-0698","Pseudomonas"
"s12-0699","Pantoea"
"s12-0700","Bacillus"
"s12-0701","Bacillus"
"s12-0702","Pseudomonas"
"s12-0703","Bacillus"
"s12-0704","Pseudomonas"
"s12-0705","Pantoea"
"s12-0706","Pseudomonas"
"s12-0707","Pseudomonas"
"s12-0708","Exiguobacterium"
"s12-0710","Pantoea"
"s12-0712","Erwinia"
"s12-0714","Pantoea"
"s12-0715","Pantoea"
"s12-0716","Pantoea"
"s12-0717","Pantoea"
"s12-0721","Pseudomonas"
"s12-0722","Pseudomonas"
"s12-0723","Pseudomonas"
"s12-0724","Pseudomonas"
"s12-0725","Pseudomonas"
"s12-0726","Pseudomonas"
"s12-0728","Pseudomonas"
"s12-0730","Pseudomonas"
"s12-0731","Pseudomonas"
"s12-0732","Pseudomonas"
"s12-0733","Pseudomonas"
"s12-0734","Pseudomonas"
"s12-0735","Pantoea"
"s12-0736","Pseudomonas"
"s12-0737","Pseudomonas"
"s12-0738","Pseudomonas"
"s12-0739","Pseudomonas"
"s12-0740","Pseudomonas"
"s12-0741","Pantoea"
"s12-0742","Pantoea"
"s12-0743","Pseudomonas"
"s12-0744","Pseudomonas"
"s12-0745","Pseudomonas"
"s12-0746","Pseudomonas"
"s12-0747","Pseudomonas"
"s12-0748","Pseudomonas"
"s12-0749","Pseudomonas"
"s12-0750","Pseudomonas"
"s12-0751","Pseudomonas"
"s12-0752","Pseudomonas"
"s12-0753","Acinetobacter"
"s12-0754","Bacillus"
"s12-0755","Acinetobacter"
"s12-0756","Pantoea"
"s12-0757","Pantoea"
"s12-0758","Peribacillus"
"s12-0759","Pantoea"
"s12-0760","Pantoea"
"s12-0761","Acinetobacter"
"s12-0762","Enterobacteriaceae"
"s12-0763","Pseudomonas"
"s12-0764","Acinetobacter"
"s12-0765","Acinetobacter"
"s12-0766","Aeromonas"
"s12-0767","Aeromonas"
"s12-0771","Enterococcus"
"s12-0772","Pseudomonas"
"s12-0773","Pseudomonas"
"s12-0774","Pseudomonas"
"s12-0775","Pseudomonas"
"s12-0776","Pseudomonas"
"s12-0778","Pantoea"
"s12-0779","Pseudomonas"
"s12-0780","Pseudomonas"
"s12-0781","Bacillus"
"s12-0782","Pseudomonas"
"s12-0783","Pantoea"
"s12-0784","Pantoea"
"s12-0785","Pantoea"
"s12-0786","Pseudomonas"
"s12-0787","Pantoea"
"s12-0788","Pseudomonas"
"s12-0789","Pseudomonas"
"s12-0790","Pseudomonas"
"s12-0791","Pseudomonas"
"s12-0792","Pantoea"
"s12-0793","Exiguobacterium"
"s12-0794","Pantoea"
"s12-0795","Pseudomonas"
"s12-0796","Pseudomonas"
"s12-0797","Pseudomonas"
"s12-0798","Pseudomonas"
"s12-0799","Erwinia"
"s12-0800","Pseudomonas"
"s12-0801","Pseudomonas"
"s12-0802","Pseudomonas"
"s12-0803","Pseudomonas"
"s12-0804","Pseudomonas"
"s12-0805","Pseudarthrobacter"
"s12-0806","Pseudomonas"
"s12-0807","Pseudomonas"
"s12-0808","Pantoea"
"s12-0809","Pseudomonas"
"s12-0810","Pseudomonas"
"s12-0811","Enterobacterales"
"s12-0812","Pseudomonas"
"s12-0813","Pseudomonas"
"s12-0814","Pseudomonas"
"s12-0815","Pseudomonas"
"s12-0816","Pseudomonas"
"s12-0817","Pantoea"
"s12-0818","Pseudomonas"
"s12-0819","Exiguobacterium"
"s12-0820","Pseudomonas"
"s12-0821","Pseudomonas"
"s12-0822","Pseudomonas"
"s12-0823","Pantoea"
"s12-0824","Pseudomonas"
"s12-0825","Pseudomonas"
"s12-0826","Pseudomonas"
"s12-0827","Pseudomonas"
"s12-0828","Pseudomonas"
"s12-0829","Pantoea"
"s12-0830","Pantoea"
"s12-0831","Pantoea"
"s12-0832","Pantoea"
"s12-0833","Stenotrophomonas"
"s12-0834","Pantoea"
"s12-0835","Erwinia"
"s12-0836","Stenotrophomonas"
"s12-0837","Pantoea"
"s12-0838","Stenotrophomonas"
"s12-0839","Stenotrophomonas"
"s12-0840","Pseudomonas"
"s12-0841","Stenotrophomonas"
"s12-0842","Pantoea"
"s12-0843","Pantoea"
"s12-0844","Pseudomonas"
"s12-0845","Pseudomonas"
"s12-0846","Pantoea"
"s12-0847","Pseudomonas"
"s12-0848","Pantoea"
"s12-0849","Pseudomonas"
"s12-0850","Pseudomonas"
"s12-0851","Pantoea"
"s12-0852","Pantoea"
"s12-0853","Erwinia"
"s12-0854","Pantoea"
"s12-0855","Pantoea"
"s12-0856","Pseudomonas"
"s12-0857","Pantoea"
"s12-0858","Exiguobacterium"
"s12-0859","Pantoea"
"s12-0860","Pantoea"
"s12-0861","Pantoea"
"s12-0862","Pantoea"
"s12-0863","Pseudomonas"
"s12-0864","Pantoea"
"s12-0865","Pantoea"
"s12-0866","Pantoea"
"s12-0867","Pantoea"
"s12-0868","Erwinia"
"s12-0869","Pseudomonas"
"s12-0870","Pseudomonas"
"s12-0871","Pseudomonas"
"s12-0872","Erwinia"
"s12-0873","Pseudomonas"
"s12-0874","Pseudomonas"
"s12-0875","Pantoea"
"s12-0876","Pseudomonas"
"s12-0877","Pseudomonas"
"s12-0880","Pantoea"
"s12-0881","Pseudomonas"
"s12-0888","Pseudomonas"
"s12-0890","Erwinia"
"s12-0891","Pseudomonas"
"s12-0892","Pseudomonas"
"s12-0893","Pseudomonas"
"s12-0894","Pseudomonas"
"s12-0895","Pseudomonas"
"s12-0897","Pseudomonas"
"s12-0899","Pseudomonas"
"s12-0900","Pseudomonas"
"s12-0901","Pseudomonas"
"s12-0903","Pseudomonas"
"s12-0904","Pantoea"
"s12-0905","Pantoea"
"s12-0907","Pseudomonas"
"s12-0908","Pseudomonas"
"s12-0909","Erwinia"
"s12-0910","Pseudomonas"
"s12-0911","Erwinia"
"s12-0912","Pseudomonas"
"s12-0913","Pseudomonas"
"s12-0914","Carnobacterium"
"s12-0915","Shewanella"
"s12-0916","Pseudomonas"
"s12-0917","Serratia"
"s12-0918","Pseudomonas"
"s12-0919","Pantoea"
"s12-0920","Pseudomonas"
"s12-0921","Pantoea"
"s12-0922","Pseudomonas"
"s12-0923","Pseudomonas"
"s12-0924","Pseudomonas"
"s12-0925","Pseudomonas"
"s12-0926","Pseudomonas"
"s12-0927","Erwinia"
"s12-0928","Pseudomonas"
"s12-0929","Peribacillus"
"s12-0930","Bacillus"
"s12-0931","Pseudomonas"
"s12-0932","Pseudomonas"
"s12-0933","Sphingobacterium"
"s12-0934","Pantoea"
"s12-0935","Pantoea"
"s12-0936","Pseudomonas"
"s12-0937","Pseudomonas"
"s12-0938","Pseudomonas"
"s12-0939","Enterococcus"
"s12-0940","Hafniaceae"
"s12-0941","Pseudomonas"
"s12-0942","Bacillus"
"s12-0943","Bacillus"
"s12-0944","Peribacillus"
"s12-0945","Pseudomonas"
"s12-0946","Pseudarthrobacter"
"s12-0947","Pseudomonas"
"s12-0948","Pseudomonas"
"s12-0949","Enterobacteriaceae"
"s12-0950","Pseudomonas"
"s12-0951","Pseudomonas"
"s12-0952","Pseudomonas"
"s12-0953","Pseudarthrobacter"
"s12-0954","Pseudarthrobacter"
"s12-0955","Pseudarthrobacter"
"s12-0956","Pseudarthrobacter"
"s12-0957","Bacillus"
"s12-0958","Caryophanaceae"
"s12-0960","Bacillus"
"s12-0961","Enterobacteriaceae"
"s12-0962","Pseudomonas"
"s12-0963","Pseudomonas"
"s12-0964","Enterobacter"
"s12-0965","Psychrobacter"
"s12-0966","Acinetobacter"
"s12-0967","Acinetobacter"
"s12-0968","Pseudomonas"
"s12-0969","Pseudomonas"
"s12-0970","Pseudomonas"
"s12-0971","Pseudomonas"
"s12-0972","Pseudomonas"
"s12-0973","Pseudomonas"
"s12-0974","Pseudomonas"
"s12-0975","Pseudomonas"
"s12-0976","Pseudomonas"
"s12-0977","Pseudomonas"
"s12-0979","Pseudomonas"
"s12-0980","Pseudomonas"
"s12-0981","Pseudomonas"
"s12-0982","Pseudomonas"
"s12-0983","Hafniaceae"
"s12-0984","Pseudomonas"
"s12-0985","Shewanella"
"s12-0986","Pseudomonas"
"s12-0987","Shewanella"
"s12-0988","Pseudomonas"
"s12-0989","Pantoea"
"s12-0990","Pantoea"
"s12-0991","Pseudomonas"
"s12-0992","Pseudomonas"
"s12-0993","Pseudomonas"
"s12-0994","Pseudomonas"
"s12-0995","Pseudomonas"
"s12-0996","Pseudomonas"
"s12-0997","Pseudomonas"
"s12-0998","Pseudomonas"
"s12-0999","Pseudomonas"
"s12-1000","Pseudomonas"
"s12-1001","Pseudomonas"
"s12-1002","Pseudomonas"
"s12-1003","Pantoea"
"s12-1004","Pseudomonas"
"s12-1005","Pseudomonas"
"s12-1006","Pseudomonas"
"s12-1007","Pseudomonas"
"s12-1008","Pseudomonas"
"s12-1009","Pseudomonas"
"s12-1010","Pseudomonas"
"s12-1011","Pseudomonas"
"s12-1012","Sphingobacterium"
"s12-1013","Pseudomonas"
"s12-1014","Pantoea"
"s12-1015","Pseudomonas"
"s12-1016","Pseudomonas"
"s12-1017","Pseudomonas"
"s12-1018","Pseudomonas"
"s12-1019","Pseudarthrobacter"
"s12-1020","Erwinia"
"s12-1021","Pantoea"
"s12-1022","Pseudomonas"
"s12-1023","Pseudomonas"
"s12-1024","Pseudomonas"
"s12-1025","Pantoea"
"s12-1026","Bacillus"
"s12-1027","Bacillus"
"s12-1028","Bacillus"
"s12-1030","Pantoea"
"s12-1031","Pseudomonas"
"s12-1033","Pantoea"
"s12-1034","Pseudomonas"
"s12-1035","Pantoea"
"s12-1036","Glutamicibacter"
"s12-1037","Pseudomonas"
"s12-1038","Pseudomonas"
"s12-1039","Bacillus"
"s12-1041","Bacillus"
"s12-1042","Pseudomonas"
"s12-1043","Pseudomonas"
"s12-1044","Pseudomonas"
"s12-1046","Pseudomonas"
"s12-1047","Pseudomonas"
"s12-1048","Pseudomonas"
"s12-1049","Pseudomonas"
"s12-1050","Bacillus"
"s12-1051","Acinetobacter"
"s12-1052","Streptomyces"
"s12-1053","Bacillus"
"s12-1054","Pantoea"
"s12-1056","Pantoea"
"s12-1057","Pseudomonas"
"s12-1058","Pantoea"
"s12-1059","Pantoea"
"s12-1060","Pantoea"
"s12-1062","Pseudomonas"
"s12-1063","Pseudomonas"
"s12-1064","Pseudomonas"
"s12-1065","Pseudomonas"
"s12-1066","Shewanella"
"s12-1067","Shewanella"
"s12-1068","Pseudomonas"
"s12-1069","Shewanella"
"s12-1070","Marinilactibacillus"
"s12-1071","Pseudomonas"
"s12-1072","Pseudomonas"
"s12-1073","Pseudomonas"
"s12-1074","Pseudomonas"
"s12-1075","Pseudomonas"
"s12-1076","Pseudomonas"
"s12-1077","Pseudomonas"
"s12-1078","Pseudomonas"
"s12-1079","Pseudomonas"
"s12-1080","Pseudomonas"
"s12-1081","Pseudomonas"
"s12-1082","Pseudomonas"
"s12-1083","Pseudomonas"
"s12-1085","Pseudomonas"
"s12-1086","Bacillus"
"s12-1088","Pantoea"
"s12-1089","Pseudomonas"
"s12-1090","Erwinia"
"s12-1091","Pantoea"
"s12-1092","Erwinia"
"s12-1093","Pseudomonas"
"s12-1094","Erwinia"
"s12-1095","Exiguobacterium"
"s12-1096","Pantoea"
"s12-1097","Pantoea"
"s12-1099","Pantoea"
"s12-1100","Pantoea"
"s12-1101","Pseudomonas"
"s12-1102","Pseudomonas"
"s12-1103","Hafniaceae"
"s12-1104","Pseudomonas"
"s12-1105","Pseudomonas"
"s12-1106","Pseudomonas"
"s12-1107","Pseudomonas"
"s12-1108","Pseudomonas"
"s12-1109","Pantoea"
"s12-1110","Pseudomonas"
"s12-1111","Pantoea"
"s12-1112","Bacillus"
"s12-1113","Bacillus"
"s12-1114","Bacillus"
"s12-1115","Pantoea"
"s12-1116","Pseudomonas"
"s12-1117","Pantoea"
"s12-1118","Pantoea"
"s12-1119","Pseudomonas"
"s12-1121","Pantoea"
"s12-1122","Pseudomonas"
"s12-1123","Bacillus"
"s12-1124","Pantoea"
"s12-1126","Bacillus"
"s12-1127","Pantoea"
"s12-1128","Pantoea"
"s12-1129","Erwiniaceae"
"s12-1130","Pantoea"
"s12-1131","Pantoea"
"s12-1132","Pantoea"
"s12-1133","Pantoea"
"s12-1134","Pantoea"
"s12-1135","Bacillus"
"s12-1136","Bacillus"
"s12-1137","Bacillus"
"s12-1138","Bacillus"
"s12-1139","Pseudomonas"
"s12-1140","Pseudomonas"
"s12-1141","Pantoea"
"s12-1142","Pseudomonas"
"s12-1143","Pantoea"
"s12-1144","Pseudomonas"
"s12-1145","Pseudomonas"
"s12-1146","Pantoea"
"s12-1147","Pantoea"
"s12-1148","Bacillus"
"s12-1149","Bacillus"
"s12-1150","Bacillus"
"s12-1151","Bacillus"
"s12-1152","Pantoea"
"s12-1153","Pseudomonas"
"s12-1154","Pantoea"
"s12-1155","Pseudomonas"
"s12-1156","Bacillus"
"s12-1157","Peribacillus"
"s12-1158","Bacillus"
"s12-1159","Bacillus"
"s12-1160","Pantoea"
"s12-1161","Pseudomonas"
"s12-1162","Pseudomonas"
"s12-1163","Pantoea"
"s12-1164","Bacillus"
"s12-1166","Bacillus"
"s12-1167","Bacillus"
"s12-1168","Pantoea"
"s12-1169","Pantoea"
"s12-1170","Pantoea"
"s12-1171","Pantoea"
"s12-1173","Enterobacterales"
"s12-1174","Pseudomonas"
"s12-1175","Carnobacterium"
"s12-1176","Carnobacterium"
"s12-1177","Enterobacterales"
"s12-1178","Enterobacterales"
"s12-1179","Erwinia"
"s12-1180","Erwinia"
"s12-1181","Exiguobacterium"
"s12-1182","Pseudomonas"
"s12-1183","Sphingobacterium"
"s12-1184","Ewingella"
"s12-1185","Pantoea"
"s12-1186","Enterobacterales"
"s12-1187","Ewingella"
"s12-1188","Pseudomonas"
"s12-1189","Enterobacterales"
"s12-1190","Pseudomonas"
"s12-1192","Pseudomonas"
"s12-1193","Carnobacterium"
"s12-1194","Enterobacterales"
"s12-1195","Enterobacterales"
"s12-1196","Enterobacterales"
"s12-1197","Enterobacterales"
"s12-1198","Enterobacterales"
"s12-1199","Pseudomonas"
"s12-1200","Pseudomonas"
"s12-1201","Pseudomonas"
"s12-1202","Pseudomonas"
"s12-1203","Pseudomonas"
"s12-1204","Pseudomonas"
"s12-1205","Pseudomonas"
"s12-1206","Pseudomonas"
"s12-1207","Pseudomonas"
"s12-1208","Pseudomonas"
"s12-1209","Pseudomonas"
"s12-1210","Pseudomonas"
"s12-1211","Pseudomonas"
"s12-1212","Pseudomonas"
"s12-1213","Pseudomonas"
"s12-1214","Shewanella"
"s12-1215","Enterobacterales"
"s12-1216","Shewanella"
"s12-1217","Pseudomonas"
"s12-1218","Shewanella"
"s12-1219","Shewanella"
"s12-1220","Shewanella"
"s12-1221","Shewanella"
"s12-1222","Shewanella"
"s12-1223","Enterobacterales"
"s12-1224","Pseudomonas"
"s12-1225","Pseudomonas"
"s12-1226","Pantoea"
"s12-1227","Pseudomonas"
"s12-1228","Pseudomonas"
"s12-1229","Pseudomonas"
"s12-1230","Arthrobacter"
"s12-1231","Peribacillus"
"s12-1232","Pseudomonas"
"s12-1233","Pseudomonas"
"s12-1234","Pseudomonas"
"s12-1235","Pseudomonas"
"s12-1236","Pseudomonas"
"s12-1237","Pseudomonas"
"s12-1238","Pseudomonas"
"s12-1239","Pseudomonas"
"s12-1240","Pseudomonas"
"s12-1241","Pseudomonas"
"s12-1242","Erwinia"
"s12-1243","Erwinia"
"s12-1244","Pseudomonas"
"s12-1245","Pseudomonas"
"s12-1246","Erwinia"
"s12-1247","Pseudomonas"
"s12-1248","Pseudomonas"
"s12-1249","Erwinia"
"s12-1250","Pseudomonas"
"s12-1251","Pseudomonas"
"s12-1252","Pantoea"
"s12-1253","Pseudomonas"
"s12-1254","Pseudomonas"
"s12-1255","Pantoea"
"s12-1256","Pseudomonas"
"s12-1257","Pseudomonas"
"s12-1258","Pseudomonas"
"s12-1259","Bacillus"
"s12-1262","Bacillus"
"s12-1263","Pantoea"
"s12-1264","Pantoea"
"s12-1265","Pseudomonas"
"s12-1266","Pseudomonas"
"s12-1267","Enterococcus"
"s12-1268","Peribacillus"
"s12-1269","Staphylococcus"
"s12-1270","Bacillus"
"s12-1271","Pseudomonas"
"s12-1272","Erwinia"
"s12-1273","Pseudomonas"
"s12-1274","Psychrobacter"
"s12-1275","Exiguobacterium"
"s12-1276","Bacillus"
"s12-1277","Bacillus"
"s12-1278","Pantoea"
"s12-1279","Pantoea"
"s12-1280","Pantoea"
"s12-1281","Erwinia"
"s12-1284","Bacillus"
"s12-1285","Bacillus"
"s12-1286","Bacillus"
"s12-1287","Pantoea"
"s12-1288","Pantoea"
"s12-1289","Pantoea"
"s12-1290","Pantoea"
"s12-1292","Bacillus"
"s12-1293","Pantoea"
"s12-1294","Bacillus"
"s12-1295","Pseudomonas"
"s12-1296","Pseudomonas"
"s12-1297","Pseudomonas"
"s12-1298","Pseudomonas"
"s12-1299","Exiguobacterium"
"s12-1300","Bacillus"
"s12-1301","Bacillus"
"s12-1302","Bacillus"
"s12-1303","Pantoea"
"s12-1304","Pantoea"
"s12-1305","Pseudomonas"
"s12-1306","Pectobacteriaeceae"
"s12-1307","Pseudomonas"
"s12-1308","Pseudomonas"
"s12-1309","Pseudomonas"
"s12-1310","Exiguobacterium"
"s12-1311","Pantoea"
"s12-1312","Pantoea"
"s12-1313","Aeromonas"
"s12-1314","Buttiauxella"
"s12-1315","Carnobacterium"
"s12-1316","Pseudomonas"
"s12-1317","Enterobacterales"
"s12-1318","Enterobacterales"
"s12-1319","Enterobacterales"
"s12-1320","Enterobacterales"
"s12-1323","Carnobacterium"
"s12-1324","Pseudomonas"
"s12-1325","Enterobacterales"
"s12-1326","Enterobacterales"
"s12-1327","Enterobacterales"
"s12-1328","Enterobacterales"
"s12-1329","Carnobacterium"
"s12-1330","Carnobacterium"
"s12-1332","Ewingella"
"s12-1333","Erwinia"
"s12-1334","Enterobacterales"
"s12-1335","Enterobacterales"
"s12-1336","Enterobacterales"
"s12-1337","Psychrobacter"
"s12-1338","Pseudomonas"
"s12-1339","Pseudomonas"
"s12-1340","Pseudomonas"
"s12-1341","Pseudomonas"
"s12-1342","Pseudomonas"
"s12-1343","Pseudomonas"
"s12-1344","Pseudomonas"
"s12-1345","Pseudomonas"
"s12-1346","Psychrobacter"
"s12-1347","Pseudomonas"
"s12-1348","Erwinia"
"s12-1350","Pseudomonas"
"s12-1351","Pseudomonas"
"s12-1352","Pseudomonas"
"s12-1353","Pseudomonas"
"s12-1354","Pseudomonas"
"s12-1355","Pantoea"
"s12-1356","Pseudomonas"
"s12-1357","Serratia"
"s12-1358","Pantoea"
"s12-1359","Pantoea"
"s12-1360","Pantoea"
"s12-1361","Pseudomonas"
"s12-1362","Pseudomonas"
"s12-1363","Erwinia"
"s12-1364","Erwinia"
"s12-1365","Shewanella"
"s12-1369","Pseudomonas"
"s12-1370","Pseudomonas"
"s12-1371","Pantoea"
"s12-1372","Pantoea"
"s12-1373","Exiguobacterium"
"s12-1374","Exiguobacterium"
"s12-1375","Exiguobacterium"
"s12-1376","Exiguobacterium"
"s12-1377","Pseudomonas"
"s12-1378","Pseudomonas"
"s12-1379","Pseudomonas"
"s12-1380","Pseudomonas"
"s12-1381","Exiguobacterium"
"s12-1382","Exiguobacterium"
"s12-1383","Exiguobacterium"
"s12-1384","Exiguobacterium"
"s12-1385","Pantoea"
"s12-1386","Shewanella"
"s12-1387","Shewanella"
"s12-1388","Shewanella"
"s12-1389","Shewanella"
"s12-1390","Shewanella"
"s12-1391","Shewanella"
"s12-1392","Enterobacterales"
"s12-1393","Shewanella"
"s12-1394","Shewanella"
"s12-1395","Enterobacterales"
"s12-1396","Shewanella"
"s12-1397","Shewanella"
"s12-1398","Pseudomonas"
"s12-1399","Pseudomonas"
"s12-1400","Pseudomonas"
"s12-1401","Pseudomonas"
"s12-1402","Pseudomonas"
"s12-1403","Pseudomonas"
"s12-1404","Pseudomonas"
"s12-1405","Pseudomonas"
"s12-1406","Enterobacterales"
"s12-1407","Pseudomonas"
"s12-1408","Pseudomonas"
"s12-1409","Pseudomonas"
"s12-1410","Pseudomonas"
"s12-1411","Pseudomonas"
"s12-1412","Pseudomonas"
"s12-1413","Pseudomonas"
"s12-1414","Pseudomonas"
"s12-1415","Acinetobacter"
"s12-1416","Pseudomonas"
"s12-1417","Pseudomonas"
"s12-1418","Pseudomonas"
"s12-1419","Pseudomonas"
"s12-1420","Pseudomonas"
"s12-1421","Pseudomonas"
"s12-1422","Pseudomonas"
"s12-1423","Pseudomonas"
"s12-1424","Pseudomonas"
"s12-1425","Pseudomonas"
"s12-1426","Sphingobacterium"
"s12-1427","Shewanella"
"s12-1428","Pseudomonas"
"s12-1429","Pseudomonas"
"s12-1430","Pseudomonas"
"s12-1432","Pseudomonas"
"s12-1434","Pseudomonas"
"s12-1435","Erwinia"
"s12-1436","Pseudomonas"
"s12-1437","Pseudomonas"
"s12-1438","Erwinia"
"s12-1439","Pseudomonas"
"s12-1440","Pantoea"
"s12-1441","Erwinia"
"s12-1442","Ewingella"
"s12-1443","Erwinia"
"s12-1444","Erwinia"
"s12-1445","Ewingella"
"s12-1446","Exiguobacterium"
"s12-1447","Pantoea"
"s12-1448","Pantoea"
"s12-1449","Exiguobacterium"
"s12-1450","Pseudomonas"
"s12-1451","Pantoea"
"s12-1452","Pantoea"
"s12-1453","Erwinia"
"s12-1454","Pseudomonas"
"s12-1455","Pantoea"
"s12-1456","Exiguobacterium"
"s12-1457","Pantoea"
"s12-1458","Pantoea"
"s12-1459","Pantoea"
"s12-1460","Erwinia"
"s12-1461","Pantoea"
"s12-1462","Pantoea"
"s12-1463","Pseudomonas"
"s12-1464","Exiguobacterium"
"s12-1465","Pantoea"
"s12-1466","Pseudomonas"
"s12-1467","Erwinia"
"s12-1468","Pantoea"
"s12-1469","Pantoea"
"s12-1470","Pantoea"
"s12-1471","Pseudomonas"
"s12-1472","Acinetobacter"
"s12-1473","Acinetobacter"
"s12-1474","Bacillus"
"s12-1475","Acinetobacter"
"s12-1476","Acinetobacter"
"s12-1477","Enterobacteriaceae"
"s12-1478","Enterobacteriaceae"
"s12-1479","Enterobacteriaceae"
"s12-1480","Enterobacteriaceae"
"s12-1481","Bacillus"
"s12-1482","Stenotrophomonas"
"s12-1485","Pantoea"
"s12-1486","Pantoea"
"s12-1487","Pantoea"
"s12-1488","Pantoea"
"s12-1489","Bacillus"
"s12-1490","Bacillus"
"s12-1491","Bacillus"
"s12-1492","Pantoea"
"s12-1493","Bacillus"
"s12-1494","Pantoea"
"s12-1495","Pantoea"
"s12-1496","Pantoea"
"s12-1497","Stenotrophomonas"
"s12-1498","Pseudomonas"
"s12-1499","Pantoea"
"s12-1500","Pantoea"
"s12-1501","Pseudomonas"
"s12-1502","Pantoea"
"s12-1503","Exiguobacterium"
"s12-1504","Pantoea"
"s12-1506","Pantoea"
"s12-1507","Pantoea"
"s12-1508","Bacillus"
"s12-1509","Pseudomonas"
"s12-1510","Erwinia"
"s12-1511","Erwinia"
"s12-1512","Pseudomonas"
"s12-1513","Enterobacteriaceae"
"s12-1514","Acinetobacter"
"s12-1515","Pantoea"
"s12-1516","Pseudomonas"
"s12-1517","Pseudomonas"
"s12-1518","Pantoea"
"s12-1519","Erwinia"
"s12-1520","Erwinia"
"s12-1521","Erwinia"
"s12-1522","Pantoea"
"s12-1523","Pseudomonas"
"s12-1524","Pseudomonas"
"s12-1525","Enterobacterales"
"s12-1526","Enterobacterales"
"s12-1527","Pantoea"
"s12-1528","Enterobacteriaceae"
"s12-1529","Enterobacteriaceae"
"s12-1530","Sphingobacterium"
"s12-1531","Pantoea"
"s12-1532","Erwinia"
"s12-1533","Pseudomonas"
"s12-1534","Paenibacillus"
"s12-1535","Sphingobacterium"
"s12-1536","Pseudomonas"
"s12-1537","Pseudomonas"
"s12-1538","Pseudomonas"
"s12-1539","Carnobacterium"
"s12-1540","Carnobacterium"
"s12-1541","Pseudomonas"
"s12-1542","Pseudomonas"
"s12-1543","Pseudomonas"
"s12-1544","Erwinia"
"s12-1545","Pseudomonas"
"s12-1546","Pseudomonas"
"s12-1547","Exiguobacterium"
"s12-1548","Pseudomonas"
"s12-1549","Pseudomonas"
"s12-1551","Pseudomonas"
"s12-1552","Sphingobacterium"
"s12-1553","Shewanella"
"s12-1554","Pseudomonas"
"s12-1555","Shewanella"
"s12-1556","Shewanella"
"s12-1557","Pseudomonas"
"s12-1558","Erwinia"
"s12-1559","Stenotrophomonas"
"s12-1560","Shewanella"
"s12-1561","Pseudomonas"
"s12-1562","Acinetobacter"
"s12-1563","Psychrobacter"
"s12-1564","Acinetobacter"
"s12-1565","Psychrobacter"
"s12-1566","Psychrobacter"
"s12-1567","Psychrobacter"
"s12-1568","Carnobacterium"
"s12-1569","Exiguobacterium"
"s12-1570","Exiguobacterium"
"s12-1571","Psychrobacter"
"s12-1572","Psychrobacter"
"s12-1573","Psychrobacter"
"s12-1574","Pseudomonas"
"s12-1575","Pseudomonas"
"s12-1576","Shewanella"
"s12-1577","Pseudomonas"
"s12-1578","Pseudomonas"
"s12-1579","Enterobacterales"
"s12-1580","Shewanella"
"s12-1581","Pseudomonas"
"s12-1582","Pseudomonas"
"s12-1583","Pseudomonas"
"s12-1584","Shewanella"
"s12-1585","Pseudomonas"
"s12-1586","Ewingella"
"s12-1587","Pantoea"
"s12-1588","Ewingella"
"s12-1589","Pantoea"
"s12-1590","Erwinia"
"s12-1591","Pseudomonas"
"s12-1592","Pseudomonas"
"s12-1593","Pseudomonas"
"s12-1594","Erwinia"
"s12-1595","Pantoea"
"s12-1596","Pantoea"
"s12-1597","Pseudomonas"
"s12-1598","Erwinia"
"s12-1599","Pantoea"
"s12-1600","Pantoea"
"s12-1601","Pantoea"
"s12-1602","Pantoea"
"s12-1603","Pantoea"
"s12-1604","Pantoea"
"s12-1605","Sphingobacterium"
"s12-1606","Erwinia"
"s12-1607","Pseudomonas"
"s12-1608","Pseudomonas"
"s12-1609","Erwinia"
"s12-1610","Pantoea"
"s12-1611","Pantoea"
"s12-1612","Pantoea"
"s12-1613","Pantoea"
"s12-1614","Pantoea"
"s12-1616","Pantoea"
"s12-1617","Pantoea"
"s12-1618","Pantoea"
"s12-1619","Pseudomonas"
"s12-1620","Pseudomonas"
"s12-1621","Pseudomonas"
"s12-1622","Pantoea"
"s12-1623","Pantoea"
"s12-1624","Pseudomonas"
"s12-1625","Erwinia"
"s12-1626","Erwinia"
"s12-1627","Pseudomonas"
"s12-1628","Pantoea"
"s12-1629","Erwinia"
"s12-1630","Pseudomonas"
"s12-1631","Enterobacterales"
"s12-1632","Erwinia"
"s12-1633","Pseudomonas"
"s12-1634","Pseudomonas"
"s12-1635","Pseudomonas"
"s12-1636","Erwinia"
"s12-1637","Erwinia"
"s12-1638","Glutamicibacter"
"s12-1639","Pantoea"
"s12-1641","Pantoea"
"s12-1642","Pseudomonas"
"s12-1643","Psychrobacter"
"s12-1644","Exiguobacterium"
"s12-1645","Pseudomonas"
"s12-1646","Pantoea"
"s12-1647","Exiguobacterium"
"s12-1648","Pseudomonas"
"s12-1649","Bacillus"
"s12-1650","Pseudomonas"
"s12-1651","Bacillus"
"s12-1652","Shewanella"
"s12-1653","Pseudomonas"
"s12-1654","Carnobacterium"
"s12-1655","Pseudomonas"
"s12-1656","Pantoea"
"s12-1657","Acinetobacter"
"s12-1658","Exiguobacterium"
"s12-1659","Pseudomonas"
"s12-1660","Pantoea"
"s12-1661","Pantoea"
"s12-1662","Pseudomonas"
"s12-1663","Psychrobacter"
"s12-1664","Pseudomonas"
"s12-1665","Pseudomonas"
"s12-1678","Erwinia"
"s12-1679","Erwinia"
"s12-1680","Pantoea"
"s12-1681","Pantoea"
"s12-1682","Pseudomonas"
"s12-1683","Pseudomonas"
"s12-1684","Erwinia"
"s12-1686","Erwinia"
"s12-1687","Pantoea"
"s12-1688","Erwinia"
"s12-1689","Pseudomonas"
"s12-1690","Enterobacterales"
"s12-1692","Pseudomonas"
"s12-1693","Pseudomonas"
"s12-1694","Pseudomonas"
"s12-1695","Erwinia"
"s12-1696","Hafnia"
"s12-1697","Pseudomonas"
"s12-1698","Pseudomonas"
"s12-1699","Pseudomonas"
"s12-1700","Pseudomonas"
"s12-1701","Pseudomonas"
"s12-1702","Pseudomonas"
"s12-1703","Pantoea"
"s12-1704","Peribacillus"
"s12-1705","Pantoea"
"s12-1706","Pantoea"
"s12-1707","Pantoea"
"s12-1708","Pantoea"
"s12-1709","Pantoea"
"s12-1710","Pantoea"
"s12-1711","Bacillus"
"s12-1712","Pseudomonas"
"s12-1713","Bacillus"
"s12-1714","Bacillus"
"s12-1715","Pseudomonas"
"s12-1716","Erwinia"
"s12-1717","Pantoea"
"s12-1718","Pantoea"
"s12-1719","Bacillus"
"s12-1720","Bacillus"
"s12-1721","Bacillus"
"s12-1722","Peribacillus"
"s12-1723","Pantoea"
"s12-1724","Pantoea"
"s12-1725","Pantoea"
"s12-1726","Pantoea"
"s12-1727","Pseudomonas"
"s12-1728","Pseudomonas"
"s12-1729","Pseudomonas"
"s12-1730","Pseudomonas"
"s12-1731","Pseudomonas"
"s12-1732","Pseudomonas"
"s12-1733","Pseudomonas"
"s12-1734","Pseudomonas"
"s12-1735","Pseudomonas"
"s12-1736","Pseudomonas"
"s12-1737","Pseudomonas"
"s12-1738","Pseudomonas"
"s12-1739","Pantoea"
"s12-1740","Pantoea"
"s12-1741","Pantoea"
"s12-1742","Pantoea"
"s12-1743","Pseudomonas"
"s12-1744","Pseudomonas"
"s12-1745","Erwinia"
"s12-1746","Pseudomonas"
"s12-1747","Paenibacillus"
"s12-1748","Pantoea"
"s12-1749","Pseudomonas"
"s12-1750","Psychrobacter"
"s12-1751","Serratia"
"s12-1752","Exiguobacterium"
"s12-1753","Pseudomonas"
"s12-1754","Pantoea"
"s12-1755","Exiguobacterium"
"s12-1756","Pantoea"
"s12-1757","Erwinia"
"s12-1758","Erwinia"
"s12-1759","Erwinia"
"s12-1760","Erwinia"
"s12-1761","Pseudomonas"
"s12-1762","Pseudomonas"
"s12-1763","Pantoea"
"s12-1764","Pseudomonas"
"s12-1765","Erwinia"
"s12-1766","Erwinia"
"s12-1767","Erwinia"
"s12-1768","Pseudomonas"
"s12-1769","Pantoea"
"s12-1770","Erwinia"
"s12-1771","Pseudomonas"
"s12-1772","Exiguobacterium"
"s12-1773","Pseudomonas"
"s12-1774","Erwinia"
"s12-1775","Pseudomonas"
"s12-1776","Erwinia"
"s12-1777","Erwinia"
"s12-1778","Erwinia"
"s12-1779","Pseudomonas"
"s12-1780","Erwinia"
"s12-1781","Pantoea"
"s12-1782","Pantoea"
"s12-1783","Pantoea"
"s12-1784","Exiguobacterium"
"s12-1785","Pseudomonas"
"s12-1786","Pseudomonas"
"s12-1787","Erwinia"
"s12-1788","Pseudomonas"
"s12-1789","Erwinia"
"s12-1790","Rahnella"
"s12-1791","Pseudomonas"
"s12-1792","Erwinia"
"s12-1793","Pantoea"
"s12-1794","Pseudomonas"
"s12-1795","Pseudomonas"
"s12-1796","Erwinia"
"s12-1797","Pseudomonas"
"s12-1798","Pseudomonas"
"s12-1799","Pseudomonas"
"s12-1800","Pseudomonas"
"s12-1801","Pseudomonas"
"s12-1802","Pseudomonas"
"s12-1803","Aeromonas"
"s12-1804","Sphingobacterium"
"s12-1805","Erwinia"
"s12-1806","Pseudomonas"
"s12-1807","Erwinia"
"s12-1808","Pseudomonas"
"s12-1809","Stenotrophomonas"
"s12-1810","Stenotrophomonas"
"s12-1811","Sphingobacterium"
"s12-1812","Sphingobacterium"
"s12-1813","Pseudomonas"
"s12-1814","Pseudomonas"
"s12-1815","Erwinia"
"s12-1816","Erwinia"
"s12-1817","Erwinia"
"s12-1818","Erwinia"
"s12-1819","Pantoea"
"s12-1820","Erwinia"
"s12-1821","Exiguobacterium"
"s12-1822","Pseudomonas"
"s12-1823","Erwinia"
"s12-1824","Pantoea"
"s12-1825","Pantoea"
"s12-1826","Erwinia"
"s12-1827","Pantoea"
"s12-1828","Pantoea"
"s12-1829","Pseudomonas"
"s12-1830","Pseudomonas"
"s12-1831","Pseudomonas"
"s12-1832","Pseudomonas"
"s12-1833","Pseudomonas"
"s12-1834","Pseudomonas"
"s12-1835","Pseudomonas"
"s12-1836","Pseudomonas"
"s12-1837","Pseudomonas"
"s12-1838","Pseudomonas"
"s12-1839","Pseudomonas"
"s12-1841","Erwinia"
"s12-1842","Pantoea"
"s12-1843","Shewanella"
"s12-1844","Sphingobacterium"
"s12-1845","Exiguobacterium"
"s12-1846","Pantoea"
"s12-1847","Pantoea"
"s12-1848","Erwinia"
"s12-1849","Pantoea"
"s12-1850","Pantoea"
"s12-1851","Pantoea"
"s12-1852","Pantoea"
"s12-1853","Pseudomonas"
"s12-1854","Pantoea"
"s12-1855","Serratia"
"s12-1856","Pseudomonas"
"s12-1857","Pantoea"
"s12-1858","Pantoea"
"s12-1859","Pantoea"
"s12-1860","Pseudomonas"
"s12-1861","Pantoea"
"s12-1862","Pantoea"
"s12-1863","Pantoea"
"s12-1864","Pantoea"
"s12-1865","Pantoea"
"s12-1866","Pseudomonas"
"s12-1867","Pseudomonas"
"s12-1868","Pantoea"
"s12-1869","Pantoea"
"s12-1870","Pantoea"
"s12-1871","Pseudomonas"
"s12-1872","Pantoea"
"s12-1873","Pantoea"
"s12-1874","Pantoea"
"s12-1875","Erwinia"
"s12-1876","Pseudomonas"
"s12-1877","Exiguobacterium"
"s12-1878","Pseudomonas"
"s12-1879","Pseudomonas"
"s12-1880","Pseudomonas"
"s12-1881","Pseudomonas"
"s12-1882","Pseudomonas"
"s12-1883","Pseudomonas"
"s12-1884","Pseudomonas"
"s12-1885","Pseudomonas"
"s12-1886","Pseudomonas"
"s12-1887","Erwinia"
"s12-1888","Pseudomonas"
"s12-1889","Pseudomonas"
"s12-1890","Enterobacteriaceae"
"s12-1891","Erwinia"
"s12-1892","Pantoea"
"s12-1893","Erwinia"
"s12-1894","Erwinia"
"s12-1895","Erwinia"
"s12-1896","Pantoea"
"s12-1897","Erwinia"
"s12-1898","Erwinia"
"s12-1899","Pantoea"
"s12-1900","Erwinia"
"s12-1901","Erwinia"
"s12-1902","Pantoea"
"s12-1903","Stenotrophomonas"
"s12-1904","Bacillus"
"s12-1905","Bacillus"
"s12-1906","Bacillus"
"s12-1907","Pantoea"
"s12-1908","Pantoea"
"s12-1909","Pantoea"
"s12-1910","Bacillus"
"s12-1911","Enterobacteriaceae"
"s12-1912","Bacillus"
"s12-1913","Bacillus"
"s12-1914","Erwinia"
"s12-1915","Pantoea"
"s12-1916","Pantoea"
"s12-1917","Pantoea"
"s12-1918","Pseudomonas"
"s12-1919","Pantoea"
"s12-1920","Pantoea"
"s12-1921","Erwinia"
"s12-1922","Erwinia"
"s12-1923","Pantoea"
"s12-1924","Erwinia"
"s12-1925","Erwinia"
"s12-1926","Pseudomonas"
"s12-1927","Pseudomonas"
"s12-1929","Pseudomonas"
"s12-1930","Pseudomonas"
"s12-1932","Pseudomonas"
"s12-1933","Pseudomonas"
"s12-1935","Pseudomonas"
"s12-1936","Pseudomonas"
"s12-1937","Pseudomonas"
"s12-1938","Pseudomonas"
"s12-1939","Exiguobacterium"
"s12-1940","Pseudomonas"
"s12-1941","Pseudomonas"
"s12-1942","Pseudomonas"
"s12-1943","Pantoea"
"s12-1944","Erwinia"
"s12-1945","Pseudomonas"
"s12-1946","Acinetobacter"
"s12-1947","Exiguobacterium"
"s12-1948","Exiguobacterium"
"s12-1949","Exiguobacterium"
"s12-1950","Serratia"
"s12-1951","Pantoea"
"s12-1952","Pantoea"
"s12-1953","Pantoea"
"s12-1954","Serratia"
"s12-1955","Serratia"
"s12-1956","Serratia"
"s12-1957","Serratia"
"s12-1958","Pantoea"
"s12-1959","Pantoea"
"s12-1960","Pantoea"
"s12-1961","Siccibacter"
"s12-1962","Pseudomonas"
"s12-1963","Pseudomonas"
"s12-1964","Pseudomonas"
"s12-1965","Pseudomonas"
"s12-1966","Serratia"
"s12-1967","Erwinia"
"s12-1968","Erwinia"
"s12-1969","Enterobacterales"
"s12-1970","Pseudomonas"
"s12-1971","Erwinia"
"s12-1972","Erwinia"
"s12-1973","Enterobacterales"
"s12-1974","Erwinia"
"s12-1975","Pseudomonas"
"s12-1976","Pseudomonas"
"s12-1977","Pantoea"
"s12-1978","Pseudomonas"
"s12-1979","Pseudomonas"
"s12-1980","Erwinia"
"s12-1981","Erwinia"
"s12-1982","Pseudomonas"
"s12-1983","Pantoea"
"s12-1984","Pantoea"
"s12-1985","Erwinia"
"s12-1986","Pantoea"
"s12-1987","Pseudomonas"
"s12-1988","Pantoea"
"s12-1989","Erwinia"
"s12-1990","Pseudomonas"
"s12-1991","Erwinia"
"s12-1992","Pseudomonas"
"s12-1993","Pantoea"
"s12-1994","Ewingella"
"s12-1995","Erwinia"
"s12-1996","Pantoea"
"s12-1997","Pseudomonas"
"s12-1998","Serratia"
"s12-1999","Pantoea"
"s12-2000","Erwinia"
"s12-2001","Enterobacteriaceae"
"s12-2002","Pantoea"
"s12-2003","Bacillus"
"s12-2004","Exiguobacterium"
"s12-2005","Serratia"
"s12-2006","Pantoea"
"s12-2008","Pantoea"
"s12-2009","Pseudomonas"
"s12-2010","Siccibacter"
"s12-2011","Pseudomonas"
"s12-2012","Exiguobacterium"
"s12-2013","Erwinia"
"s12-2014","Erwinia"
"s12-2015","Erwinia"
"s12-2016","Pseudomonas"
"s12-2017","Erwinia"
"s12-2018","Pantoea"
"s12-2019","Erwinia"
"s12-2020","Erwinia"
"s12-2021","Erwinia"
"s12-2022","Erwinia"
"s12-2023","Erwinia"
"s12-2024","Erwinia"
"s12-2025","Bacillus"
"s12-2026","Pseudomonas"
"s12-2027","Pseudomonas"
"s12-2028","Shewanella"
"s12-2029","Pseudomonas"
"s12-2030","Enterobacterales"
"s12-2031","Pseudomonas"
"s12-2032","Pseudomonas"
"s12-2033","Enterobacterales"
"s12-2034","Pseudomonas"
"s12-2035","Erwinia"
"s12-2036","Erwinia"
"s12-2037","Exiguobacterium"
"s12-2038","Ewingella"
"s12-2039","Erwinia"
"s12-2040","Pseudomonas"
"s12-2041","Pantoea"
"s12-2042","Erwinia"
"s12-2043","Erwinia"
"s12-2044","Pseudomonas"
"s12-2045","Pantoea"
"s12-2046","Erwinia"
"s12-2047","Pseudomonas"
"s12-2048","Pseudomonas"
"s12-2049","Serratia"
"s12-2050","Pseudomonas"
"s12-2051","Enterobacteriaceae"
"s12-2052","Aeromonas"
"s12-2053","Pantoea"
"s12-2054","Enterobacterales"
"s12-2055","Pseudomonas"
"s12-2056","Stenotrophomonas"
"s12-2057","Pseudomonas"
"s12-2058","Erwinia"
"s12-2059","Pseudomonas"
"s12-2060","Bacillus"
"s12-2061","Pantoea"
"s12-2062","Pseudomonas"
"s12-2063","Pantoea"
"s12-2064","Enterobacteriaceae"
"s12-2065","Bacillus"
"s12-2066","Enterobacteriaceae"
"s12-2067","Pantoea"
"s12-2068","Pseudomonas"
"s12-2069","Bacillus"
"s12-2070","Bacillus"
"s12-2071","Pseudomonas"
"s12-2072","Pseudomonas"
"s12-2073","Exiguobacterium"
"s12-2074","Pseudomonas"
"s12-2075","Pseudomonas"
"s12-2076","Pantoea"
"s12-2077","Pseudomonas"
"s12-2078","Pantoea"
"s12-2079","Pseudomonas"
"s12-2080","Erwinia"
"s12-2081","Erwinia"
"s12-2082","Erwinia"
"s12-2083","Sphingobacterium"
"s12-2084","Pseudomonas"
"s12-2085","Pantoea"
"s12-2086","Shewanella"
"s12-2087","Shewanella"
"s12-2088","Pseudomonas"
"s12-2089","Shewanella"
"s12-2090","Pantoea"
"s12-2091","Pantoea"
"s12-2092","Serratia"
"s12-2093","Pantoea"
"s12-2094","Serratia"
"s12-2095","Pantoea"
"s12-2096","Serratia"
"s12-2097","Serratia"
"s12-2098","Pseudomonas"
"s12-2099","Enterobacteriaceae"
"s12-2100","Pseudomonas"
"s12-2101","Pseudomonas"
"s12-2102","Erwinia"
"s12-2103","Pseudomonas"
"s12-2104","Pseudomonas"
"s12-2105","Pseudomonas"
"s12-2106","Erwinia"
"s12-2107","Pseudomonas"
"s12-2108","Pseudomonas"
"s12-2109","Pseudomonas"
"s12-2110","Pseudomonas"
"s12-2111","Pseudomonas"
"s12-2112","Shewanella"
"s12-2113","Pseudomonas"
"s12-2114","Pantoea"
"s12-2115","Exiguobacterium"
"s12-2116","Pantoea"
"s12-2117","Pseudomonas"
"s12-2118","Pseudomonas"
"s12-2119","Pantoea"
"s12-2120","Exiguobacterium"
"s12-2121","Pantoea"
"s12-2123","Pantoea"
"s12-2124","Pantoea"
"s12-2125","Pantoea"
"s12-2126","Pseudomonas"
"s12-2127","Bacillus"
"s12-2128","Pantoea"
"s12-2129","Pantoea"
"s12-2131","Pantoea"
"s12-2132","Pseudomonas"
"s12-2133","Pseudomonas"
"s12-2134","Pantoea"
"s12-2135","Bacillus"
"s12-2136","Pseudomonas"
"s12-2137","Bacillus"
"s12-2138","Bacillus"
"s12-2139","Pantoea"
"s12-2140","Pseudomonas"
"s12-2141","Pseudomonas"
"s12-2142","Pseudomonas"
"s12-2143","Pantoea"
"s12-2144","Pantoea"
"s12-2145","Pantoea"
"s12-2146","Pantoea"
"s12-2147","Pantoea"
"s12-2148","Pseudomonas"
"s12-2149","Pantoea"
"s12-2150","Pantoea"
"s12-2151","Shewanella"
"s12-2154","Pantoea"
"s12-2155","Pseudomonas"
"s12-2156","Pantoea"
"s12-2157","Erwinia"
"s12-2158","Pseudomonas"
"s12-2159","Pantoea"
"s12-2160","Exiguobacterium"
"s12-2161","Shewanella"
"s12-2162","Rahnella"
"s12-2163","Pseudomonas"
"s12-2164","Erwinia"
"s12-2165","Pantoea"
"s12-2166","Erwinia"
"s12-2167","Pantoea"
"s12-2168","Pantoea"
"s12-2169","Pantoea"
"s12-2170","Pantoea"
"s12-2171","Pantoea"
"s12-2172","Erwinia"
"s12-2173","Erwinia"
"s12-2174","Erwinia"
"s12-2175","Shewanella"
"s12-2176","Pantoea"
"s12-2177","Shewanella"
"s12-2178","Pantoea"
"s12-2179","Shewanella"
"s12-2180","Pantoea"
"s12-2181","Erwinia"
"s12-2182","Shewanella"
"s12-2183","Stenotrophomonas"
"s12-2184","Pantoea"
"s12-2185","Pantoea"
"s12-2186","Pseudomonas"
"s12-2187","Pantoea"
"s12-2188","Pantoea"
"s12-2189","Pseudomonas"
"s12-2190","Pantoea"
"s12-2191","Enterobacteriaceae"
"s12-2192","Erwinia"
"s12-2193","Enterobacteriaceae"
"s12-2194","Enterobacteriaceae"
"s12-2195","Pantoea"
"s12-2196","Pantoea"
"s12-2197","Pantoea"
"s12-2198","Pantoea"
"s12-2200","Pantoea"
"s12-2201","Pantoea"
"s12-2202","Exiguobacterium"
"s12-2203","Pseudomonas"
"s12-2204","Erwinia"
"s12-2205","Pantoea"
"s12-2206","Pantoea"
"s12-2207","Pantoea"
"s12-2208","Erwinia"
"s12-2209","Exiguobacterium"
"s12-2210","Erwinia"
"s12-2211","Erwinia"
"s12-2212","Pantoea"
"s12-2213","Erwinia"
"s12-2214","Pseudomonas"
"s12-2215","Exiguobacterium"
"s12-2216","Pantoea"
"s12-2217","Exiguobacterium"
"s12-2218","Pantoea"
"s12-2219","Pantoea"
"s12-2220","Pseudomonas"
"s12-2221","Pantoea"
"s12-2222","Pseudomonas"
"s12-2223","Pseudomonas"
"s12-2224","Sphingobacterium"
"s12-2225","Micrococcaeae"
"s12-2226","Shewanella"
"s12-2227","Pseudomonas"
"s12-2228","Shewanella"
"s12-2229","Paenibacillus"
"s12-2230","Stenotrophomonas"
"s12-2231","Stenotrophomonas"
"s12-2232","Pseudomonas"
"s12-2233","Pseudomonas"
"s12-2234","Stenotrophomonas"
"s12-2235","Pseudomonas"
"s12-2237","Flavobacterium"
"s12-2238","Flavobacterium"
"s12-2239","Flavobacterium"
"s12-2240","Pseudomonas"
"s12-2241","Shewanella"
"s12-2243","Shewanella"
"s12-2244","Pantoea"
"s12-2245","Pantoea"
"s12-2246","Pseudomonas"
"s12-2247","Pantoea"
"s12-2248","Pantoea"
"s12-2249","Pantoea"
"s12-2250","Pantoea"
"s12-2251","Erwinia"
"s12-2252","Pantoea"
"s12-2253","Erwinia"
"s12-2254","Erwinia"
"s12-2255","Pantoea"
"s12-2256","Pantoea"
"s12-2257","Pantoea"
"s12-2258","Pantoea"
"s12-2259","Pantoea"
"s12-2260","Erwinia"
"s12-2261","Pseudomonas"
"s12-2262","Pantoea"
"s12-2263","Erwinia"
"s12-2264","Pseudomonas"
"s12-2265","Pseudomonas"
"s12-2266","Pantoea"
"s12-2267","Erwinia"
"s12-2268","Pantoea"
"s12-2269","Pantoea"
"s12-2270","Pantoea"
"s12-2271","Pantoea"
"s12-2272","Pantoea"
"s12-2273","Pantoea"
"s12-2274","Pseudomonas"
"s12-2275","Erwinia"
"s12-2276","Erwinia"
"s12-2277","Pseudomonas"
"s12-2278","Pantoea"
"s12-2279","Erwinia"
"s12-2280","Pantoea"
"s12-2281","Erwinia"
"s12-2282","Pantoea"
"s12-2283","Pantoea"
"s12-2284","Pantoea"
"s12-2285","Erwinia"
"s12-2286","Erwinia"
"s12-2287","Erwinia"
"s12-2288","Erwinia"
"s12-2289","Erwinia"
"s12-2290","Pantoea"
"s12-2291","Pantoea"
"s12-2292","Pantoea"
"s12-2293","Pseudomonas"
"s12-2294","Pseudomonas"
"s12-2295","Erwinia"
"s12-2296","Pantoea"
"s12-2297","Pantoea"
"s12-2298","Pantoea"
"s12-2299","Pantoea"
"s12-2300","Pantoea"
"s12-2301","Pantoea"
"s12-2302","Pantoea"
"s12-2303","Pantoea"
"s12-2304","Pantoea"
"s12-2305","Pantoea"
"s12-2306","Erwinia"
"s12-2307","Pantoea"
"s12-2308","Pantoea"
"s12-2309","Pantoea"
"s12-2310","Pseudomonas"
"s12-2311","Siccibacter"
"s12-2312","Pantoea"
"s12-2313","Pantoea"
"s12-2314","Erwinia"
"s12-2315","Erwinia"
"s12-2316","Pseudomonas"
"s12-2317","Pseudomonas"
"s12-2318","Erwinia"
"s12-2319","Pseudomonas"
"s12-2320","Pantoea"
"s12-2321","Pantoea"
"s12-2322","Pantoea"
"s12-2323","Pantoea"
"s12-2324","Pantoea"
"s12-2325","Pseudomonas"
"s12-2326","Pantoea"
"s12-2327","Pantoea"
"s12-2328","Pantoea"
"s12-2329","Pseudomonas"
"s12-2330","Erwinia"
"s12-2331","Erwinia"
"s12-2332","Pantoea"
"s12-2333","Pseudomonas"
"s12-2334","Erwinia"
"s12-2335","Pantoea"
"s12-2337","Pantoea"
"s12-2338","Bacillus"
"s12-2339","Pantoea"
"s12-2340","Pantoea"
"s12-2341","Pantoea"
"s12-2342","Pantoea"
"s12-2343","Pantoea"
"s12-2344","Pantoea"
"s12-2345","Pantoea"
"s12-2346","Pantoea"
"s12-2347","Pantoea"
"s12-2348","Pantoea"
"s12-2349","Pantoea"
"s12-2350","Pantoea"
"s12-2351","Pantoea"
"s12-2352","Pantoea"
"s12-2353","Pantoea"
"s12-2354","Pantoea"
"s12-2355","Pantoea"
"s12-2356","Pantoea"
"s12-2357","Pantoea"
"s12-2358","Pantoea"
"s12-2359","Pantoea"
"s12-2361","Erwinia"
"s12-2362","Pseudomonas"
"s12-2363","Pseudomonas"
"s12-2365","Pseudomonas"
"s12-2366","Pseudomonas"
"s12-2367","Pantoea"
"s12-2368","Pseudomonas"
"s12-2369","Pantoea"
"s12-2370","Shewanella"
"s12-2371","Pantoea"
"s12-2372","Shewanella"
"s12-2373","Shewanella"
"s12-2374","Pantoea"
"s12-2376","Pseudomonas"
"s12-2378","Shewanella"
"s12-2381","Pseudomonas"
"s12-2382","Shewanella"
"s12-2385","Pseudomonas"
"s12-2386","Paenibacillus"
"s12-2388","Pseudomonas"
"s12-2389","Stenotrophomonas"
"s12-2390","Shewanella"
"s12-2391","Sphingobacterium"
"s12-2394","Pseudomonas"
"s12-2395","Pseudomonas"
"s12-2398","Carnobacterium"
"s12-2399","Pseudomonas"
"s12-2400","Shewanella"
"s12-2401","Pseudomonas"
"s12-2402","Shewanella"
"s12-2405","Enterobacterales"
"s12-2406","Pseudomonas"
"s12-2407","Pseudomonas"
"s12-2408","Shewanella"
"s12-2409","Shewanella"
"s12-2410","Shewanella"
"s12-2411","Enterobacterales"
"s12-2412","Shewanella"
"s12-2414","Sphingobacterium"
"s12-2416","Shewanella"
"s12-2417","Pseudomonas"
"s12-2418","Exiguobacterium"
"s12-2419","Exiguobacterium"
"s12-2420","Pseudomonas"
"s12-2421","Exiguobacterium"
"s12-2422","Pseudomonas"
"s12-2423","Pseudomonas"
"s12-2424","Pseudomonas"
"s12-2425","Pseudomonas"
"s12-2426","Pseudomonas"
"s12-2427","Exiguobacterium"
"s12-2428","Pseudomonas"
"s12-2429","Pseudomonas"
"s12-2430","Pseudomonas"
"s12-2431","Exiguobacterium"
"s12-2432","Pseudomonas"
"s12-2433","Exiguobacterium"
"s12-2434","Pseudomonas"
"s12-2435","Pseudomonas"
"s12-2436","Pseudomonas"
"s12-2437","Pseudomonas"
"s12-2438","Pseudomonas"
"s12-2439","Erwinia"
"s12-2440","Pseudomonas"
"s12-2441","Saccharibacillus"
"s12-2442","Erwinia"
"s12-2443","Erwinia"
"s12-2444","Erwinia"
"s12-2445","Erwinia"
"s12-2446","Pseudomonas"
"s12-2447","Erwinia"
"s12-2448","Pseudomonas"
"s12-2449","Shewanella"
"s12-2450","Pseudomonas"
"s12-2451","Yersiniaceae"
"s12-2453","Pseudomonas"
"s12-2454","Pantoea"
"s12-2455","Pantoea"
"s12-2456","Pantoea"
"s12-2457","Pantoea"
"s12-2458","Pseudomonas"
"s12-2459","Erwinia"
"s12-2460","Pseudomonas"
"s12-2463","Pseudomonas"
"s12-2464","Enterobacterales"
"s12-2465","Pantoea"
"s12-2466","Erwinia"
"s12-2467","Erwinia"
"s12-2468","Erwinia"
"s12-2469","Erwinia"
"s12-2470","Erwinia"
"s12-2472","Pseudomonas"
"s12-2473","Pseudomonas"
"s12-2475","Shewanella"
"s12-2480","Erwinia"
"s12-2481","Pseudomonas"
"s12-2482","Pseudomonas"
"s12-2483","Pseudomonas"
"s12-2484","Pseudomonas"
"s12-2485","Pseudomonas"
"s12-2486","Pseudomonas"
"s12-2487","Pseudomonas"
"s12-2488","Pseudomonas"
"s12-2489","Pseudomonas"
"s12-2490","Erwinia"
"s12-2491","Pseudomonas"
"s12-2492","Pseudomonas"
"s12-2493","Pseudomonas"
"s12-2494","Pseudomonas"
"s12-2495","Pseudomonas"
"s12-2496","Pseudomonas"
"s12-2497","Pseudomonas"
"s12-2498","Enterobacterales"
"s12-2499","Pseudomonas"
"s12-2501","Pseudomonas"
"s12-2502","Pseudomonas"
"s12-2503","Pseudomonas"
"s12-2504","Pseudomonas"
"s12-2505","Pseudomonas"
"s12-2506","Pseudomonas"
"s12-2507","Pseudomonas"
"s12-2508","Pseudomonas"
"s12-2509","Pseudomonas"
"s12-2510","Pantoea"
"s12-2511","Pantoea"
"s12-2512","Pantoea"
"s12-2513","Pantoea"
"s12-2514","Pantoea"
"s12-2515","Pantoea"
"s12-2516","Pseudomonas"
"s12-2517","Pseudomonas"
"s12-2518","Pseudomonas"
"s12-2519","Pantoea"
"s12-2520","Pantoea"
"s12-2521","Pantoea"
"s12-2522","Pantoea"
"s12-2523","Pantoea"
"s12-2524","Pantoea"
"s12-2525","Pantoea"
"s12-2526","Pantoea"
"s12-2527","Pantoea"
"s12-2528","Pantoea"
"s12-2529","Pantoea"
"s12-2530","Pantoea"
"s12-2531","Pseudomonas"
"s12-2532","Pseudomonas"
"s12-2533","Pseudomonas"
"s12-2534","Pantoea"
"s12-2535","Pseudomonas"
"s12-2536","Pseudomonas"
"s12-2537","Pseudomonas"
"s12-2538","Pseudomonas"
"s12-2539","Pseudomonas"
"s12-2540","Pseudomonas"
"s12-2541","Erwinia"
"s12-2542","Pseudomonas"
"s12-2543","Pseudomonas"
"s12-2544","Pseudomonas"
"s12-2545","Pseudomonas"
"s12-2546","Pseudomonas"
"s12-2547","Pseudomonas"
"s12-2548","Pantoea"
"s12-2549","Pseudomonas"
"s12-2550","Pseudomonas"
"s12-2551","Enterobacterales"
"s12-2552","Erwinia"
"s12-2553","Pseudomonas"
"s12-2554","Erwinia"
"s12-2555","Erwinia"
"s12-2556","Pseudomonas"
"s12-2557","Erwinia"
"s12-2558","Pseudomonas"
"s12-2559","Pantoea"
"s12-2560","Erwinia"
"s12-2561","Erwinia"
"s12-2563","Pantoea"
"s12-2564","Pantoea"
"s12-2565","Erwinia"
"s12-2566","Pseudomonas"
"s12-2567","Erwinia"
"s12-2568","Erwinia"
"s12-2569","Erwinia"
"s12-2570","Pantoea"
"s12-2571","Pseudomonas"
"s12-2572","Pantoea"
"s12-2573","Pseudomonas"
"s12-2574","Pantoea"
"s12-2575","Erwinia"
"s12-2576","Erwinia"
"s12-2577","Erwinia"
"s12-2578","Pantoea"
"s12-2579","Pantoea"
"s12-2580","Erwinia"
"s12-2581","Erwinia"
"s12-2582","Erwinia"
"s12-2583","Pantoea"
"s12-2584","Pantoea"
"s12-2585","Pantoea"
"s12-2586","Pantoea"
"s12-2587","Pantoea"
"s12-2588","Pantoea"
"s12-2589","Pantoea"
"s12-2590","Pantoea"
"s12-2591","Pantoea"
"s12-2592","Pantoea"
"s12-2593","Pantoea"
"s12-2594","Pantoea"
"s12-2595","Pantoea"
"s12-2596","Pantoea"
"s12-2597","Pseudomonas"
"s12-2598","Pantoea"
"s12-2599","Pantoea"
"s12-2600","Pantoea"
"s12-2601","Pantoea"
"s12-2602","Pantoea"
"s12-2603","Pantoea"
"s12-2604","Pantoea"
"s12-2605","Pantoea"
"s12-2606","Pantoea"
"s12-2607","Pantoea"
"s12-2608","Pantoea"
"s12-2609","Curtobacterium"
"s12-2610","Pseudomonas"
"s12-2611","Pseudomonas"
"s12-2612","Pseudomonas"
"s12-2613","Pseudomonas"
"s12-2614","Pseudomonas"
"s12-2615","Pseudomonas"
"s12-2616","Pseudomonas"
"s12-2617","Pantoea"
"s12-2618","Pantoea"
"s12-2619","Bacillus"
"s12-2621","Pantoea"
"s12-2622","Erwiniaceae"
"s12-2623","Pantoea"
"s12-2624","Pantoea"
"s12-2625","Bacillus"
"s12-2626","Pseudomonas"
"s12-2629","Pseudomonas"
"s12-2630","Pseudomonas"
"s12-2631","Erwinia"
"s12-2632","Pseudomonas"
"s12-2633","Pseudomonas"
"s12-2634","Pantoea"
"s12-2635","Pseudomonas"
"s12-2636","Pseudomonas"
"s12-2637","Erwinia"
"s12-2638","Pseudomonas"
"s12-2639","Erwinia"
"s12-2640","Erwinia"
"s12-2641","Erwinia"
"s12-2642","Erwinia"
"s12-2643","Pantoea"
"s12-2644","Erwinia"
"s12-2645","Erwinia"
"s12-2646","Pantoea"
"s12-2647","Pseudomonas"
"s12-2648","Pseudomonas"
"s12-2649","Pseudomonas"
"s12-2650","Pseudomonas"
"s12-2651","Erwinia"
"s12-2652","Enterobacterales"
"s12-2653","Erwinia"
"s12-2654","Erwinia"
"s12-2655","Pseudomonas"
"s12-2656","Pseudomonas"
"s12-2657","Pseudomonas"
"s12-2658","Erwinia"
"s12-2659","Pseudomonas"
"s12-2660","Pseudomonas"
"s12-2661","Pseudomonas"
"s12-2662","Erwinia"
"s12-2663","Enterobacterales"
"s12-2666","Erwinia"
"s12-2667","Pseudomonas"
"s12-2668","Pseudomonas"
"s12-2669","Pseudomonas"
"s12-2670","Enterobacterales"
"s12-2671","Pseudomonas"
"s12-2672","Pseudomonas"
"s12-2673","Pantoea"
"s12-2674","Pantoea"
"s12-2675","Pantoea"
"s12-2676","Pseudomonas"
"s12-2677","Pseudomonas"
"s12-2678","Pseudomonas"
"s12-2679","Pseudomonas"
"s12-2680","Pseudomonas"
"s12-2681","Pantoea"
"s12-2682","Pantoea"
"s12-2683","Pseudomonas"
"s12-2684","Pseudomonas"
"s12-2685","Pantoea"
"s12-2686","Pantoea"
"s12-2687","Pseudomonas"
"s12-2688","Pseudomonas"
"s12-2689","Pseudomonas"
"s12-2690","Pseudomonas"
"s12-2691","Pseudomonas"
"s12-2692","Pantoea"
"s12-2693","Pantoea"
"s12-2694","Pantoea"
"s12-2695","Pseudomonas"
"s12-2696","Pseudomonas"
"s12-2697","Pseudomonas"
"s12-2698","Pseudomonas"
"s12-2699","Pseudomonas"
"s12-2700","Pantoea"
"s12-2701","Pantoea"
"s12-2702","Pantoea"
"s12-2703","Pantoea"
"s12-2704","Pantoea"
"s12-2705","Pantoea"
"s12-2706","Pantoea"
"s12-2707","Pantoea"
"s12-2708","Pseudomonas"
"s12-2709","Pseudomonas"
"s12-2711","Pseudomonas"
"s12-2712","Pseudomonas"
"s12-2713","Pseudomonas"
"s12-2714","Pseudomonas"
"s12-2715","Pseudomonas"
"s12-2716","Pseudomonas"
"s12-2717","Pseudomonas"
"s12-2718","Pseudomonas"
"s12-2719","Pseudomonas"
"s12-2720","Pseudomonas"
"s12-2721","Pseudomonas"
"s12-2722","Pseudomonas"
"s12-2723","Pseudomonas"
"s12-2724","Pseudomonas"
"s12-2725","Pseudomonas"
"s12-2726","Pseudomonas"
"s12-2727","Pseudomonas"
"s12-2728","Pseudomonas"
"s12-2729","Pseudomonas"
"s12-2730","Pseudomonas"
"s12-2731","Pseudomonas"
"s12-2732","Pseudomonas"
"s12-2733","Pseudomonas"
"s12-2734","Pseudomonas"
"s12-2735","Pseudomonas"
"s12-2736","Pseudomonas"
"s12-2737","Shewanella"
"s12-2738","Shewanella"
"s12-2739","Shewanella"
"s12-2740","Pseudomonas"
"s12-2741","Pseudomonas"
"s12-2742","Pseudomonas"
"s12-2743","Pseudomonas"
"s12-2744","Pseudomonas"
"s12-2745","Pseudomonas"
"s12-2746","Pseudomonas"
"s12-2747","Pseudomonas"
"s12-2749","Pseudomonas"
"s12-2750","Pseudarthrobacter"
"s12-2751","Shewanella"
"s12-2753","Pseudomonas"
"s12-2754","Yersinia"
"s12-2755","Pseudomonas"
"s12-2756","Pseudomonas"
"s12-2757","Pseudomonas"
"s12-2758","Pseudomonas"
"s12-2759","Pseudomonas"
"s12-2760","Pseudomonas"
"s12-2761","Pantoea"
"s12-2762","Pantoea"
"s12-2763","Pseudomonas"
"s12-2764","Streptomyces"
"s12-2765","Pseudomonas"
"s12-2766","Pseudomonas"
"s12-2767","Bacillus"
"s12-2768","Pantoea"
"s12-2769","Bacillus"
"s12-2770","Pseudomonas"
"s12-2771","Plantibacter"
"s12-2772","Bacillus"
"s12-2773","Plantibacter"
"s12-2774","Bacillus"
"s12-2775","Psychrobacter"
